MEMPOOL_DATE,TOTAL_BLOCKS_PROCESSED,TOTAL_DAILY_TRANSACTIONS,AVG_TX_PER_BLOCK,MAX_TX_IN_SINGLE_BLOCK,TOTAL_DAILY_BYTES,AVG_DAILY_BLOCK_SIZE,TOTAL_DAILY_VBYTES,DAILY_TOTAL_MINER_REVENUE,DAILY_AVG_BLOCK_FEES,MAX_SINGLE_BLOCK_FEE,DAILY_AVG_MEDIAN_FEE,DAILY_OVERALL_MEDIAN_FEE,DAILY_MIN_P10_FEE,DAILY_MAX_P99_FEE,DAILY_AVG_FEE_SPREAD,DAILY_AVG_FEE_SKEWNESS,DAILY_AVG_COMPRESSION_RATIO,DAILY_AVG_REVENUE_PER_BYTE,DAILY_AVG_FEE_PER_TX,HIGH_CONGESTION_BLOCKS,MODERATE_CONGESTION_BLOCKS,LOW_CONGESTION_BLOCKS,DAILY_NETWORK_STRESS_ALERT,DAILY_FEE_VOLATILITY_ALERT
2026-09-24 00:00:00.000,243997,301486300,4321.145191,7962,121688352486,1744135.767321,69627462830,112224418084,1608491.014533,13404767,0.9501632702,0.3818362921,0.2015503876,2010.695187166,187.884327243,341.663920219,0.08312011595,0.1424899213,60.415542119,0,0,487530,NORMAL,ALERT: Severe Fee Volatility Day
2026-09-19 00:00:00.000,215205,333985245,4649.856530,7962,121150191236,1686694.296518,71680211359,95735850924,1332867.179807,6434179,0.9455139559,0.4136690647,0.2015503876,4476.889839572,116.52622861,215.207956747,0.08567940239,0.1184516066,47.910496463,0,0,501834,NORMAL,ALERT: Severe Fee Volatility Day
2026-09-25 00:00:00.000,181385,231528278,4504.003074,7962,87289761978,1698079.213656,51300141407,87967753697,1711268.431028,10402823,1.071455046,0.4097841727,0.2003034901,2007.117437722,177.021814272,292.215498208,0.08469931291,0.1523792074,64.89711743,0,0,361692,NORMAL,ALERT: Severe Fee Volatility Day
2026-09-22 00:00:00.000,135227,189807017,4908.759847,7962,65927438938,1705005.274213,38588006314,39385419288,1018579.649003,5002190,0.6440415185,0.3820466786,0.1818181818,6471.284768212,170.561402166,300.375927269,0.08481495102,0.09036029748,34.74426899,0,0,270264,NORMAL,ALERT: Severe Fee Volatility Day
2026-09-23 00:00:00.000,226745,280182049,4321.396277,59041,112958715126,1742222.147048,64738857298,83516831828,1288124.372694,6085922,0.8486838454,0.4051852807,0.09949331727,2013.729977117,173.878606502,266.055709384,0.08323223286,0.1133978481,49.138996399,0,0,453233,NORMAL,ALERT: Severe Fee Volatility Day
2026-09-17 00:00:00.000,178921,242060656,4730.334089,7962,93189573384,1821104.771828,51067436258,26467355851,517223.400512,5230422,0.4186913945,0.2784698165,0.1818181818,934.973262032,38.910311352,71.220459921,0.08014830714,0.04381617759,24.14185477,0,0,355375,NORMAL,ALERT: Severe Fee Volatility Day
2026-09-18 00:00:00.000,255462,342598845,4687.804893,7962,125959915604,1723518.678817,72933668186,96775229273,1324182.494876,10271428,0.9224364171,0.353117506,0.1712846348,4728.624113475,169.529152408,325.173011194,0.08433470926,0.1177118781,46.633077716,0,0,508569,NORMAL,ALERT: Severe Fee Volatility Day
2026-09-20 00:00:00.000,247074,371930902,5262.627020,7962,119448779768,1690137.529615,70529551253,64522002800,912952.469083,5530807,0.5897794417,0.3483848006,0.1818181818,746.145610278,100.806603855,241.904141518,0.08555190055,0.08129399129,28.182391872,0,0,493948,NORMAL,ALERT: Severe Fee Volatility Day
2026-09-21 00:00:00.000,248456,314864317,4430.901859,52624,121082684644,1703925.988151,70949187070,109567804812,1541883.801410,14145489,1.079373825,0.733779379,0.09964731443,125287.936073059,142.710465236,188.087471525,0.08510906198,0.136041261,73.342522741,0,0,496682,NORMAL,ALERT: Severe Fee Volatility Day
